{
  "title": "Look Before You Leap: Secure Connection Bootstrapping for 5G",
  "outline": [
    {
      "level": "H3",
      "text": "Ankush Singla Department of Computer Science Purdue University West Lafayette, Indiana, USA asingla@purdue.edu",
      "page": 1
    },
    {
      "level": "H3",
      "text": "Rouzbeh Behnia Department of Computer Science and Engineering University of South Florida Tampa, Florida, USA behnia@usf.edu",
      "page": 1
    },
    {
      "level": "H3",
      "text": "Syed Rafiul Hussain Department of Computer Science and Engineering The Pennsylvania State University Pennsylvania, USA hussain1@psu.edu",
      "page": 1
    },
    {
      "level": "H3",
      "text": "Attila A. Yavuz Department of Computer Science and Engineering University of South Florida Tampa, Florida, USA attilaayavuz@usf.edu",
      "page": 1
    },
    {
      "level": "H3",
      "text": "Elisa Bertino Department of Computer Science Purdue University West Lafayette, Indiana, USA bertino@purdue.edu",
      "page": 1
    },
    {
      "level": "H2",
      "text": "ABSTRACT",
      "page": 1
    },
    {
      "level": "H2",
      "text": "CCS CONCEPTS",
      "page": 1
    },
    {
      "level": "H2",
      "text": "KEYWORDS",
      "page": 1
    },
    {
      "level": "H2",
      "text": "1 INTRODUCTION",
      "page": 1
    },
    {
      "level": "H2",
      "text": "2 BACKGROUND",
      "page": 2
    },
    {
      "level": "H2",
      "text": "Figure 1: Cellular Network Architecture.",
      "page": 3
    },
    {
      "level": "H2",
      "text": "2.1 5G Cellular Network Architecture",
      "page": 3
    },
    {
      "level": "H2",
      "text": "2.2 Identity-Based Signatures",
      "page": 3
    },
    {
      "level": "H3",
      "text": "(a) Setup for off-path attacks.",
      "page": 4
    },
    {
      "level": "H3",
      "text": "(b) Setup for man-in-the-middle attacks.",
      "page": 4
    },
    {
      "level": "H2",
      "text": "Figure 2: Common fake base-station configurations for car- rying out attacks.",
      "page": 4
    },
    {
      "level": "H2",
      "text": "3 CHARACTERIZATION OF ATTACKS ENABLED BY FAKE BASE STATION",
      "page": 4
    },
    {
      "level": "H2",
      "text": "Attack Attack Category",
      "page": 5
    },
    {
      "level": "H2",
      "text": "4G LTE 5G Impact",
      "page": 5
    },
    {
      "level": "H2",
      "text": "Table 1: Attacks enabled by fake base-stations in 4G LTE and 5G cellular networks. N/A means the particular protocol inter- action does not exist in the corresponding cellular protocol.",
      "page": 5
    },
    {
      "level": "H2",
      "text": "4 OVERVIEW OF OUR SOLUTION",
      "page": 5
    },
    {
      "level": "H2",
      "text": "Algorithm 1: Schnorr-HIBS",
      "page": 6
    },
    {
      "level": "H2",
      "text": "5 SCHNORR-HIBS",
      "page": 6
    },
    {
      "level": "H2",
      "text": "5.1 Proposed Scheme",
      "page": 6
    },
    {
      "level": "H2",
      "text": "5.2 Security Analysis",
      "page": 6
    },
    {
      "level": "H2",
      "text": "6 INSTANTIATION OF SCHNORR-HIBS FOR 5G NETWORKS",
      "page": 6
    },
    {
      "level": "H2",
      "text": "6.1 Design Decisions",
      "page": 6
    },
    {
      "level": "H2",
      "text": "Figure 3: Our protocol for authenticating 5G cellular base-stations.",
      "page": 7
    },
    {
      "level": "H2",
      "text": "6.2 Protocol Description",
      "page": 8
    },
    {
      "level": "H2",
      "text": "6.3 Other Optimizations",
      "page": 9
    },
    {
      "level": "H2",
      "text": "6.4 Handling Roaming Scenario",
      "page": 9
    },
    {
      "level": "H2",
      "text": "6.5 Protection Against Relay Attacks",
      "page": 9
    },
    {
      "level": "H2",
      "text": "7 EVALUATION",
      "page": 9
    },
    {
      "level": "H2",
      "text": "7.1 Testbed Setup",
      "page": 9
    },
    {
      "level": "H2",
      "text": "7.2 Evaluation Results",
      "page": 10
    },
    {
      "level": "H2",
      "text": "Scheme Sign Verify Signature (B)",
      "page": 11
    },
    {
      "level": "H2",
      "text": "PK (B)",
      "page": 11
    },
    {
      "level": "H2",
      "text": "Crypto E2E Delay (ms) System Scheme Type ms Cycles ms Cycles",
      "page": 11
    },
    {
      "level": "H2",
      "text": "8 RELATED WORK",
      "page": 11
    },
    {
      "level": "H2",
      "text": "9 DISCUSSION",
      "page": 11
    },
    {
      "level": "H2",
      "text": "Relay attacks. Our time-bounding technique for relay attack pro- tection is a best-effort approach. It cannot completely thwart relay",
      "page": 11
    },
    {
      "level": "H2",
      "text": "10 CONCLUSION AND FUTURE WORK",
      "page": 12
    },
    {
      "level": "H2",
      "text": "ACKNOWLEDGEMENT",
      "page": 12
    },
    {
      "level": "H2",
      "text": "REFERENCES",
      "page": 12
    },
    {
      "level": "H2",
      "text": "A PROOF OF THEOREM 5.1",
      "page": 13
    },
    {
      "level": "H2",
      "text": "B FORMAL VERIFICATION",
      "page": 13
    },
    {
      "level": "H2",
      "text": "B.1 Proverif Code",
      "page": 14
    },
    {
      "level": "H2",
      "text": "C EVALUATION ON A CELLULAR DEVICE",
      "page": 15
    },
    {
      "level": "H2",
      "text": "Scheme Sign Verify",
      "page": 15
    },
    {
      "level": "H2",
      "text": "Table 3: Comparison of the signing and verification of the candidate signature schemes for authenticating cellular base-stations on cellular device.",
      "page": 15
    }
  ]
}