{
  "title": "DPETAS: DETECTION AND PREVENTION OF EVIL TWIN ATTACKS ON WI-FI",
  "outline": [
    {
      "level": "H3",
      "text": "DOI: https://doi.org/10.53075/ijmsir.2021.12.9.3521",
      "page": 2
    },
    {
      "level": "H3",
      "text": "Journal Homepage: https://ijmsir.org",
      "page": 2
    },
    {
      "level": "H2",
      "text": "[Review Article] Volume 6, pg. 388-391 August 2021",
      "page": 2
    },
    {
      "level": "H2",
      "text": "Keywords: Management Frames, Fake Access Points, 802.11 standards, Wi-Fi Attacks, Man in The Middle (MITM) Attack, Evil Twin AP Attacks",
      "page": 2
    },
    {
      "level": "H2",
      "text": "I. INTRODUCTION",
      "page": 2
    },
    {
      "level": "H3",
      "text": "DOI: https://doi.org/10.53075/ijmsir.2021.12.9.3521",
      "page": 3
    },
    {
      "level": "H3",
      "text": "Journal Homepage: https://ijmsir.org",
      "page": 3
    },
    {
      "level": "H3",
      "text": "DOI: https://doi.org/10.53075/ijmsir.2021.12.9.3521",
      "page": 4
    },
    {
      "level": "H3",
      "text": "Journal Homepage: https://ijmsir.org",
      "page": 4
    },
    {
      "level": "H2",
      "text": "II. ATTACKS AND VULNERABILITIES",
      "page": 4
    },
    {
      "level": "H2",
      "text": "A. SSID and Default Passwords",
      "page": 4
    },
    {
      "level": "H2",
      "text": "B. Tampering an Access Point",
      "page": 4
    },
    {
      "level": "H2",
      "text": "C. Denial of Service (DoS) Attack",
      "page": 4
    },
    {
      "level": "H2",
      "text": "D. Authentication and Authorization Attack",
      "page": 4
    },
    {
      "level": "H2",
      "text": "E. Attacks on Extensible Authentication",
      "page": 4
    },
    {
      "level": "H2",
      "text": "Protocol (EAP)",
      "page": 4
    },
    {
      "level": "H2",
      "text": "F. Eavesdropping Attack",
      "page": 4
    },
    {
      "level": "H3",
      "text": "DOI: https://doi.org/10.53075/ijmsir.2021.12.9.3521",
      "page": 5
    },
    {
      "level": "H3",
      "text": "Journal Homepage: https://ijmsir.org",
      "page": 5
    },
    {
      "level": "H2",
      "text": "G. Evil Twin Attack",
      "page": 5
    },
    {
      "level": "H2",
      "text": "H. MAC Spoofing Attack",
      "page": 5
    },
    {
      "level": "H2",
      "text": "I. Packet Sniffing Attack",
      "page": 5
    },
    {
      "level": "H2",
      "text": "J. War driving Attack",
      "page": 5
    },
    {
      "level": "H2",
      "text": "K. Freeloading Attack",
      "page": 5
    },
    {
      "level": "H2",
      "text": "III. EXISTING SYSTEM",
      "page": 5
    },
    {
      "level": "H3",
      "text": "DOI: https://doi.org/10.53075/ijmsir.2021.12.9.3521",
      "page": 6
    },
    {
      "level": "H3",
      "text": "Journal Homepage: https://ijmsir.org",
      "page": 6
    },
    {
      "level": "H2",
      "text": "ATTACK",
      "page": 6
    },
    {
      "level": "H2",
      "text": "Fig. 1. A Sample Network Design Used for Launching the Evil Twin Attack",
      "page": 6
    },
    {
      "level": "H2",
      "text": "A. Description of the Network Design Used for",
      "page": 6
    },
    {
      "level": "H2",
      "text": "Evil Twin Attack",
      "page": 6
    },
    {
      "level": "H3",
      "text": "DOI: https://doi.org/10.53075/ijmsir.2021.12.9.3521",
      "page": 7
    },
    {
      "level": "H3",
      "text": "Journal Homepage: https://ijmsir.org",
      "page": 7
    },
    {
      "level": "H2",
      "text": "B. Detecting Evil Twin Attack Methodology",
      "page": 7
    },
    {
      "level": "H2",
      "text": "Used by Attackers on Wi-Fi networks",
      "page": 7
    },
    {
      "level": "H2",
      "text": "C. Analyzing the Evil Twin Attacks",
      "page": 7
    },
    {
      "level": "H3",
      "text": "DOI: https://doi.org/10.53075/ijmsir.2021.12.9.3521",
      "page": 8
    },
    {
      "level": "H3",
      "text": "Journal Homepage: https://ijmsir.org",
      "page": 8
    },
    {
      "level": "H2",
      "text": "Figure 4 – The Prototype",
      "page": 8
    },
    {
      "level": "H2",
      "text": "Table 1, Subnets Created. Name of",
      "page": 8
    },
    {
      "level": "H2",
      "text": "network",
      "page": 8
    },
    {
      "level": "H2",
      "text": "Subnet Mask Network 1ST Host Last Host Broadcast",
      "page": 8
    },
    {
      "level": "H2",
      "text": "VLAN 10 Man. Director",
      "page": 8
    },
    {
      "level": "H2",
      "text": "VLAN 20 Sales",
      "page": 8
    },
    {
      "level": "H2",
      "text": "VLAN 30 Accounting",
      "page": 8
    },
    {
      "level": "H2",
      "text": "VLAN 40 Purchasing",
      "page": 8
    },
    {
      "level": "H2",
      "text": "VLAN 50 Utilities",
      "page": 8
    },
    {
      "level": "H2",
      "text": "VLAN 60 Management",
      "page": 8
    },
    {
      "level": "H2",
      "text": "Wireless 255.255.255.240 192.168.1.96 192.168.1.97 192.168.1.110 192.168.1.111",
      "page": 8
    },
    {
      "level": "H2",
      "text": "Router –",
      "page": 8
    },
    {
      "level": "H2",
      "text": "Wireless",
      "page": 8
    },
    {
      "level": "H2",
      "text": "Router – ISP 255.255.255.252 192.168.1.116 192.168.1.117 192.168.1.118 192.168.1.119",
      "page": 8
    },
    {
      "level": "H3",
      "text": "DOI: https://doi.org/10.53075/ijmsir.2021.12.9.3521",
      "page": 9
    },
    {
      "level": "H3",
      "text": "Journal Homepage: https://ijmsir.org",
      "page": 9
    },
    {
      "level": "H3",
      "text": "DOI: https://doi.org/10.53075/ijmsir.2021.12.9.3521",
      "page": 10
    },
    {
      "level": "H3",
      "text": "Journal Homepage: https://ijmsir.org",
      "page": 10
    },
    {
      "level": "H2",
      "text": "mechanisms used to prevent an Evil Twin Attack in the wireless networks: 1 Usage of VPN: To encrypt the tunnel to avoid data",
      "page": 10
    },
    {
      "level": "H2",
      "text": "Twin Attack",
      "page": 10
    },
    {
      "level": "H2",
      "text": "V. CONCLUSION",
      "page": 10
    },
    {
      "level": "H3",
      "text": "DOI: https://doi.org/10.53075/ijmsir.2021.12.9.3521",
      "page": 11
    },
    {
      "level": "H3",
      "text": "Journal Homepage: https://ijmsir.org",
      "page": 11
    }
  ]
}